id;pel;ptel
1;content navigate Pennsylvania;Ergonomic Concrete Soap
2;hack;sexy Extensions
3;Money Market Account Orchestrator;Applications program
4;optimizing Washington Mexican Peso Mexican Unidad de Inversion (UDI);withdrawal programming
5;Montana Creative;incentivize Balboa US Dollar PNG
6;synergize Chilean Peso Unidades de fomento mint green;salmon
7;Handmade;bypass navigate
8;Holy See (Vatican City State) PNG navigate;Frozen Solutions Pizza
9;best-of-breed;platforms
10;methodologies connecting;fuchsia asymmetric Personal Loan Account
