id;nom;prenom;cin;telephone;commentaire
1;back-end;Cotton tan secondary;Metal Chicken;1-329-568-2463 x1761;invoice Pants
2;applications national;Ergonomic Administrator embrace;withdrawal Fresh pixel;(593) 988-6852 x271;Savings Account Guyana Dollar Quetzal
3;indexing Baby;Innovative Home Loan Account reboot;Tunisia salmon Personal Loan Account;(755) 548-0050 x261;Cotton Data Expanded
4;Web;empower;Bridge magenta;1-038-416-5679 x189;process improvement Agent generating
5;product;quantify methodology SDR;invoice;1-082-689-4015;Business-focused
6;SQL Refined Plastic Bike;Planner deposit;Shoes Frozen;(744) 136-1746;compressing bottom-line HDD
7;Vista Idaho;Kids Communications;Tanzanian Shilling;1-167-188-6569 x7514;Future invoice task-force
8;bi-directional Gloves Books;Sausages mobile;Berkshire Sleek Plastic Pizza;(220) 252-7653 x873;Arizona Factors
9;Tasty Frozen Chair;Computers Configuration Borders;Research Kids;529-578-6184;Chief virtual implementation
10;PNG;challenge Metal;collaborative standardization Plains;302.890.3322 x056;Interactions
