id;pari;annulation;paiement
1;Mauritania Tools;Buckinghamshire Bedfordshire;Fish
2;enterprise Soap;Home Chair Tools;RAM
3;plug-and-play auxiliary Communications;Via TCP;Synergized
4;Checking Account access Directives;green Pants Licensed;IB
5;1080p;Extension;synthesize Metal Tasty Cotton Chair
6;neural;payment Expanded;UIC-Franc Home
7;Senior experiences;Table navigate;Auto Loan Account
8;transmitting Associate;payment Connecticut Personal Loan Account;cultivate Re-contextualized
9;Optimization;hacking withdrawal;card
10;motivating;hub Legacy standardization;Handcrafted Frozen Car
