id;t_2020;t_2030;b_2062;pda
1;Personal Loan Account;deposit grey;e-commerce;benchmark Rhode Island
2;Tasty;system engine;Persistent supply-chains;Trinidad and Tobago Dollar Ball
3;Handcrafted Cotton Ball Rubber;Metal Auto Loan Account Fantastic;CFP Franc Colorado;incentivize copy
4;ADP;hard drive;Fish transmitting Human;XML
5;Awesome generate Diverse;open-source Director compress;feed;invoice Track Intelligent
6;web-readiness;navigate Tennessee National;Leone Dynamic eco-centric;user-centric compressing
7;USB transmitter;redundant;Games tan invoice;red Mouse
8;Mali Product;Bolivia interfaces;Avon Guinea Franc;Gloves
9;AGP;web services systematic;facilitate;South Carolina Automotive innovate
10;Generic olive;Brooks quantifying Marketing;Nebraska Sleek e-tailers;payment action-items
