id;client;machine;exceptionnelle;systeme
1;Savings Account Markets;Cotton;harness array;Home Small Cotton Gloves
2;indexing ADP;transmitter;Terrace;Plastic
3;sensor withdrawal;Utah generate;Equatorial Guinea Chips Outdoors;payment Coordinator
4;Bulgarian Lev;Home B2C Rial Omani;cross-platform International;deploy SMTP North Dakota
5;Tugrik Hat Soft;strategize migration;vortals deposit Rustic Concrete Shirt;infomediaries cross-platform
6;Rhode Island Cliff Cambridgeshire;Baby alarm seize;Sleek Concrete Ball;Fully-configurable Cambridgeshire
7;protocol Bike;Quality Generic Soft Car Tasty;Beauty Optimization Metal;salmon Shoals Chief
8;eyeballs;Avon Practical Plastic Gloves Manors;Strategist;Djibouti Franc Iceland Krona
9;Electronics;solid state attitude Electronics;SDD Paradigm;French Guiana Yen backing up
10;Tasty Steel Pizza invoice Gorgeous Soft Shirt;deposit compressing;Investment Account Business-focused;Avon copying
